id,name,photo_url
s0,Ashton Hall,https://raw.githubusercontent.com/atoureconsulting/atoure-talent-database/main/Photos/Ashton%20Hall.jpg
s1,Vanessa Mdee,https://raw.githubusercontent.com/atoureconsulting/atoure-talent-database/main/Photos/Vanessa%20Mdee.jpg
s2,Mohamad Adnan,https://raw.githubusercontent.com/atoureconsulting/atoure-talent-database/main/Photos/mohammed%20adnan.jpg
s3,Rotimi,https://raw.githubusercontent.com/atoureconsulting/atoure-talent-database/main/Photos/Rotimi.jpg
s4,Deji,https://raw.githubusercontent.com/atoureconsulting/atoure-talent-database/main/Photos/deji.jpg
s5,Bash,https://raw.githubusercontent.com/atoureconsulting/atoure-talent-database/main/Photos/bash%20the%20enternainer.jpg
s6,Omar Abdulrahman,https://raw.githubusercontent.com/atoureconsulting/atoure-talent-database/main/Photos/omar%20abuz.jpg
s7,Ali Mousa,https://raw.githubusercontent.com/atoureconsulting/atoure-talent-database/main/Photos/2026-10/ali-mousa.jpg
s8,Isaac Ajimotokin,https://raw.githubusercontent.com/atoureconsulting/atoure-talent-database/main/Photos/manlikeisaac.jpg
s9,Michael Dapaah,https://raw.githubusercontent.com/atoureconsulting/atoure-talent-database/main/Photos/2026-10/michael-dapaah.jpg
s10,Sheilah Gashumba,https://raw.githubusercontent.com/atoureconsulting/atoure-talent-database/main/Photos/Sheilah_Gashumba.jpg
s11,Jeleel,https://raw.githubusercontent.com/atoureconsulting/atoure-talent-database/main/Photos/jeleel.jpg
s12,Abdullahi Maina,https://raw.githubusercontent.com/atoureconsulting/atoure-talent-database/main/Photos/itsyaboymaina.jpg
s13,Bilal El Haddad,https://raw.githubusercontent.com/atoureconsulting/atoure-talent-database/main/Photos/2026-10/bilal-el-haddad.jpg
s14,Thogden,https://raw.githubusercontent.com/atoureconsulting/atoure-talent-database/main/Photos/thogden.jpg
s15,Sofia London,https://raw.githubusercontent.com/atoureconsulting/atoure-talent-database/main/Photos/2026-10/sofia-london.jpg
s16,Jesse Saah,https://raw.githubusercontent.com/atoureconsulting/atoure-talent-database/main/Photos/jessesaah.jpg
s17,Max Khadar,https://raw.githubusercontent.com/atoureconsulting/atoure-talent-database/main/Photos/maxkhadar.jpg
s18,Mohamed Rashid,https://raw.githubusercontent.com/atoureconsulting/atoure-talent-database/main/Photos/chatmo.jpg
s19,Ish Everything,https://raw.githubusercontent.com/atoureconsulting/atoure-talent-database/main/Photos/isheverything.jpg
s20,Hiba Kane,https://raw.githubusercontent.com/atoureconsulting/atoure-talent-database/main/Photos/2026-10/hiba-kane.jpg
s21,Makai Fray,https://raw.githubusercontent.com/atoureconsulting/atoure-talent-database/main/Photos/2026-10/makai-fray.jpg
s22,Frank,https://raw.githubusercontent.com/atoureconsulting/atoure-talent-database/main/Photos/fok%20tv.jpg
s23,Afro B,https://raw.githubusercontent.com/atoureconsulting/atoure-talent-database/main/Photos/afro%20b.webp
s24,Nadir Nahdi,https://raw.githubusercontent.com/atoureconsulting/atoure-talent-database/main/Photos/Nadir-Nahdi.jpg
s25,Titi Kone,https://raw.githubusercontent.com/atoureconsulting/atoure-talent-database/main/Photos/titi%20kone.jpeg
s26,Oceane,https://raw.githubusercontent.com/atoureconsulting/atoure-talent-database/main/Photos/oceane%20mnta.jpg
s27,Yohan,https://raw.githubusercontent.com/atoureconsulting/atoure-talent-database/main/Photos/2026-10/yohan.jpg
s28,Jokey,https://raw.githubusercontent.com/atoureconsulting/atoure-talent-database/main/Photos/jokebrant.jpg
s29,Lucy Bunyenyezi,https://raw.githubusercontent.com/atoureconsulting/atoure-talent-database/main/Photos/lucy%20bunyenyezi.jpg
s30,Danny Webber,https://raw.githubusercontent.com/atoureconsulting/atoure-talent-database/main/Photos/danny%20webber.jpg
s31,Priscilla Anyabu,https://raw.githubusercontent.com/atoureconsulting/atoure-talent-database/main/Photos/Priscilla%20anyabu.webp
s32,Momo Sayegh,https://raw.githubusercontent.com/atoureconsulting/atoure-talent-database/main/Photos/2026-10/momo-sayegh.jpg
s33,Ak-rame Adechokan,https://raw.githubusercontent.com/atoureconsulting/atoure-talent-database/main/Photos/Blck%20Apollon.webp
s34,Deji Adeniyi,https://raw.githubusercontent.com/atoureconsulting/atoure-talent-database/main/Photos/deji-adeniyi.jpg
s35,Kaiana,https://raw.githubusercontent.com/atoureconsulting/atoure-talent-database/main/Photos/2026-10/kaiana.jpg
s36,Emma Angelina,https://raw.githubusercontent.com/atoureconsulting/atoure-talent-database/main/Photos/girlaroundafrica.avif
s37,Bernika Bonane,https://raw.githubusercontent.com/atoureconsulting/atoure-talent-database/main/Photos/2026-10/bernika-bonane.jpg
s38,Mr Composure (Ade),https://raw.githubusercontent.com/atoureconsulting/atoure-talent-database/main/Photos/2026-10/mr-composure-ade.jpg
s39,Charlene Smith,https://raw.githubusercontent.com/atoureconsulting/atoure-talent-database/main/Photos/2026-10/charlene-smith.jpg
s40,Heesh,https://raw.githubusercontent.com/atoureconsulting/atoure-talent-database/main/Photos/2026-10/heesh.jpg
s41,Jessica Dadie,https://raw.githubusercontent.com/atoureconsulting/atoure-talent-database/main/Photos/2026-10/jessica-dadie.jpg
s42,David Alorka,https://raw.githubusercontent.com/atoureconsulting/atoure-talent-database/main/Photos/2026-10/david-alorka.jpg
s43,Big G,https://raw.githubusercontent.com/atoureconsulting/atoure-talent-database/main/Photos/2026-10/big-g.jpg
s44,Dose Of Idris,https://raw.githubusercontent.com/atoureconsulting/atoure-talent-database/main/Photos/2026-10/dose-of-idris.jpg
s45,Royal Ramzy,https://raw.githubusercontent.com/atoureconsulting/atoure-talent-database/main/Photos/royalramzy.jpg
s46,Ruben Landim,https://raw.githubusercontent.com/atoureconsulting/atoure-talent-database/main/Photos/ruben%20landim.jpg
s47,Abdel Aziz Bictogo,https://raw.githubusercontent.com/atoureconsulting/atoure-talent-database/main/Photos/DreamingAbdel%20.jpeg
s48,Ibi,https://raw.githubusercontent.com/atoureconsulting/atoure-talent-database/main/Photos/ibiu1.jpg
s49,Joel Mensah,https://raw.githubusercontent.com/atoureconsulting/atoure-talent-database/main/Photos/2026-10/joel-mensah.jpg
s50,Ali,https://raw.githubusercontent.com/atoureconsulting/atoure-talent-database/main/Photos/alithepresenter.jpg
s51,Namory Toure,https://raw.githubusercontent.com/atoureconsulting/atoure-talent-database/main/Photos/2026-10/namory-toure.jpg
s53,Dawud Magician,https://raw.githubusercontent.com/atoureconsulting/atoure-talent-database/main/Photos/2026-10/dawud-magician.jpg
s57,Jiaan Wu,https://raw.githubusercontent.com/atoureconsulting/atoure-talent-database/main/Photos/jiaan%20wu.jpg
s60,Walidb27,https://raw.githubusercontent.com/atoureconsulting/atoure-talent-database/main/Photos/2026-10/walidb27.jpg
s54,Djibril Dramé,https://raw.githubusercontent.com/atoureconsulting/atoure-talent-database/main/Photos/2026-10/djibril-drame.jpg
s59,Rida Eddaroui,https://raw.githubusercontent.com/atoureconsulting/atoure-talent-database/main/Photos/2026-10/rida-eddaroui.jpg
s58,Miles Addy,https://raw.githubusercontent.com/atoureconsulting/atoure-talent-database/main/Photos/2026-10/miles-addy.jpg
s56,Ivoriangram,https://raw.githubusercontent.com/atoureconsulting/atoure-talent-database/main/Photos/2026-10/ivoriangram.jpg
s55,Farouk Life,https://raw.githubusercontent.com/atoureconsulting/atoure-talent-database/main/Photos/2026-10/farouk-life.jpg
s52,Olivia Yace,https://raw.githubusercontent.com/atoureconsulting/atoure-talent-database/main/Photos/Olivia%20Yace.jpg
s61,Bilal Fraiha,https://raw.githubusercontent.com/atoureconsulting/atoure-talent-database/main/Photos/2026-10/bilal-fraiha.jpg
s62,Akram Aboulaid,https://raw.githubusercontent.com/atoureconsulting/atoure-talent-database/main/Photos/2026-10/akram-aboulaid.jpg
s63,Simo Sedraty,https://raw.githubusercontent.com/atoureconsulting/atoure-talent-database/main/Photos/2026-10/simo-sedraty.jpg
s64,Taha Essou,https://raw.githubusercontent.com/atoureconsulting/atoure-talent-database/main/Photos/2026-10/taha-essou.jpg
s65,Ismail Sefrioui,https://raw.githubusercontent.com/atoureconsulting/atoure-talent-database/main/Photos/2026-10/ismail-sefrioui.jpg
s66,Ahmed Sabiri,https://raw.githubusercontent.com/atoureconsulting/atoure-talent-database/main/Photos/2026-10/ahmed-sabiri.jpg
s67,Iamlilpatty,https://raw.githubusercontent.com/atoureconsulting/atoure-talent-database/main/Photos/2026-10/iamlilpatty.jpg
s68,Almou9awilofficiel,https://raw.githubusercontent.com/atoureconsulting/atoure-talent-database/main/Photos/2026-10/almou9awilofficiel.jpg
s69,Fir3awn,https://raw.githubusercontent.com/atoureconsulting/atoure-talent-database/main/Photos/2026-10/fir3awn.jpg
s70,Charafreestyle,https://raw.githubusercontent.com/atoureconsulting/atoure-talent-database/main/Photos/2026-10/charafreestyle.jpg
s71,EzzoubairHilal,https://raw.githubusercontent.com/atoureconsulting/atoure-talent-database/main/Photos/2026-10/ezzoubairhilal.jpg
s72,Mo6exotic,https://raw.githubusercontent.com/atoureconsulting/atoure-talent-database/main/Photos/2026-10/mo6exotic.jpg
s73,Kayvon,https://raw.githubusercontent.com/atoureconsulting/atoure-talent-database/main/Photos/2026-10/kayvon.jpg
s74,Liane Anea,https://raw.githubusercontent.com/atoureconsulting/atoure-talent-database/main/Photos/2026-10/liane-anea.jpg
s75,Willy Dumbo,https://raw.githubusercontent.com/atoureconsulting/atoure-talent-database/main/Photos/2026-10/willy-dumbo.jpg
s76,Emmanuelle Keita,https://raw.githubusercontent.com/atoureconsulting/atoure-talent-database/main/Photos/2026-10/emmanuelle-keita.jpg
s77,Dineirotv,https://raw.githubusercontent.com/atoureconsulting/atoure-talent-database/main/Photos/2026-10/dineirotv.jpg
s78,Ange Morel,https://raw.githubusercontent.com/atoureconsulting/atoure-talent-database/main/Photos/2026-10/ange-morel.jpg
s79,Louis Ariel,https://raw.githubusercontent.com/atoureconsulting/atoure-talent-database/main/Photos/2026-10/louis-ariel.jpg
s80,Delali Damessi,https://raw.githubusercontent.com/atoureconsulting/atoure-talent-database/main/Photos/2026-10/delali-damessi.jpg
s81,Josy Star,https://raw.githubusercontent.com/atoureconsulting/atoure-talent-database/main/Photos/2026-10/josy-star.jpg
s82,Murielle Ahoure,https://raw.githubusercontent.com/atoureconsulting/atoure-talent-database/main/Photos/2026-10/murielle-ahoure.jpg
s83,Nadiani,https://raw.githubusercontent.com/atoureconsulting/atoure-talent-database/main/Photos/2026-10/nadiani.jpg
s84,Roxanne Lidwine,https://raw.githubusercontent.com/atoureconsulting/atoure-talent-database/main/Photos/2026-10/roxanne-lidwine.jpg
s85,Magic System,https://raw.githubusercontent.com/atoureconsulting/atoure-talent-database/main/Photos/2026-10/magic-system.jpg
s86,Didier Drogba,https://raw.githubusercontent.com/atoureconsulting/atoure-talent-database/main/Photos/2026-10/didier-drogba.jpg
s87,Salomon Kalou,https://raw.githubusercontent.com/atoureconsulting/atoure-talent-database/main/Photos/2026-10/salomon-kalou.jpg
s88,Joe Dwet File,https://raw.githubusercontent.com/atoureconsulting/atoure-talent-database/main/Photos/2026-10/joe-dwet-file.jpg
s89,Ashton Small,https://raw.githubusercontent.com/atoureconsulting/atoure-talent-database/main/Photos/2026-10/ashton-small.jpg
s90,Kommander Samo Samo,https://raw.githubusercontent.com/atoureconsulting/atoure-talent-database/main/Photos/2026-10/kommander-samo-samo.jpg
s91,Chidera Ibeh (Mr Flamez),https://raw.githubusercontent.com/atoureconsulting/atoure-talent-database/main/Photos/2026-10/chidera-ibeh-mr-flamez.jpg
s92,Indian Ashtonhall,https://raw.githubusercontent.com/atoureconsulting/atoure-talent-database/main/Photos/2026-10/indian-ashtonhall.jpg
s93,Wongeee,https://raw.githubusercontent.com/atoureconsulting/atoure-talent-database/main/Photos/2026-10/wongeee.jpg
s94,Aloysius Nsai,https://raw.githubusercontent.com/atoureconsulting/atoure-talent-database/main/Photos/2026-10/aloysius-nsai.jpg
s95,Zeinab Beydoun,https://raw.githubusercontent.com/atoureconsulting/atoure-talent-database/main/Photos/2026-10/zeinab-beydoun.jpg
s96,Zainab Jiwa,https://raw.githubusercontent.com/atoureconsulting/atoure-talent-database/main/Photos/2026-10/zainab-jiwa.jpg
s97,Sarab Nanra,https://raw.githubusercontent.com/atoureconsulting/atoure-talent-database/main/Photos/2026-10/sarab-nanra.jpg
s98,David Whitely,https://raw.githubusercontent.com/atoureconsulting/atoure-talent-database/main/Photos/2026-10/david-whitely.jpg
s99,Theo Johnson,https://raw.githubusercontent.com/atoureconsulting/atoure-talent-database/main/Photos/2026-10/theo-johnson.jpg
s100,Bailey M,https://raw.githubusercontent.com/atoureconsulting/atoure-talent-database/main/Photos/2026-10/bailey-m.jpg
s101,Shaq,https://raw.githubusercontent.com/atoureconsulting/atoure-talent-database/main/Photos/2026-10/shaq.jpg
s102,Ovie Soko,https://raw.githubusercontent.com/atoureconsulting/atoure-talent-database/main/Photos/2026-10/ovie-soko.jpg
s103,Dougie Joyce,https://raw.githubusercontent.com/atoureconsulting/atoure-talent-database/main/Photos/2026-10/dougie-joyce.jpg
s104,Courtney Massay,https://raw.githubusercontent.com/atoureconsulting/atoure-talent-database/main/Photos/2026-10/courtney-massay.jpg
